﻿<?xml version="1.0" encoding="utf-8"?>
<Class id="1">
<teacher name="Paige Goode">
<school name="Dr. W. J. Creel School Soaring Eagle" />
<bookbagset id="33" BookCount="25" />
<students>
 
  <lastID id="12"></lastID>
  <student firstname="Madison" lastname="Trent" id="1" /><student firstname="Betty" lastname="Boop" id="2" /><student firstname="Fred" lastname="Flintstone" id="3" /><student firstname="Olaf" lastname="Iceman" id="4" /><student firstname="Lenny" lastname="Lego" id="5" /><student firstname="Violet" lastname="Incredible" id="6" /><student firstname="Master" lastname="Pollo" id="7" /><student firstname="Flint" lastname="Fredddy" id="8" /><student firstname="Marne" lastname="Mistreys" id="9" /><student firstname="Barney" lastname="Fife" id="10" /><student firstname="Lou" lastname="Rickey" id="11" /><student firstname="Dan" lastname="Boomer" id="12" /></students>
 
<gradelevel>Kindergarten</gradelevel></teacher>

<BagsData> 
<bag id="1" checkedoutstudent="" />
  <bag id="2" checkedoutstudent="" />
  <bag id="3" checkedoutstudent="" />
  <bag id="4" checkedoutstudent="" />
  <bag id="5" checkedoutstudent="" />
  <bag id="6" checkedoutstudent="" />
  <bag id="7" checkedoutstudent="" />
  <bag id="8" checkedoutstudent="" />
  <bag id="9" checkedoutstudent="" />
  <bag id="10" checkedoutstudent="" />
  <bag id="11" checkedoutstudent="" />
  <bag id="12" checkedoutstudent="" />
  <bag id="13" checkedoutstudent="" />
  <bag id="14" checkedoutstudent="" />
  <bag id="15" checkedoutstudent="" />
  <bag id="16" checkedoutstudent="" />
  <bag id="17" checkedoutstudent="" />
  <bag id="18" checkedoutstudent="" />
  <bag id="19" checkedoutstudent="" />
  <bag id="20" checkedoutstudent="" />
  <bag id="21" checkedoutstudent="" />
  <bag id="22" checkedoutstudent="" />
  <bag id="23" checkedoutstudent="" />
  <bag id="24" checkedoutstudent="" />
  <bag id="25" checkedoutstudent="" />
</BagsData>


<History>
<Bag id="1" studentid="4" out="9/14/2014 10:13:55 PM" sharingsheet="false" memo="" /><Bag id="3" studentid="5" out="9/14/2014 10:13:58 PM" sharingsheet="false" memo="" /><Bag id="11" studentid="9" out="9/14/2014 10:14:01 PM" sharingsheet="false" memo="" /><Bag id="6" studentid="2" out="9/14/2014 10:14:04 PM" sharingsheet="false" memo="" /><Bag id="6" studentid="2" in="9/14/2014 10:14:08 PM" sharingsheet="true" memo="" /><Bag id="1" studentid="4" in="9/14/2014 10:14:13 PM" sharingsheet="true" memo="" /><Bag id="3" studentid="5" in="9/14/2014 10:14:17 PM" sharingsheet="true" memo="" /><Bag id="11" studentid="9" in="9/14/2014 10:14:26 PM" sharingsheet="false" memo="needs to bring sheet" /><Bag id="2" studentid="3" out="9/14/2014 10:14:30 PM" sharingsheet="false" memo="" /><Bag id="4" studentid="8" out="9/14/2014 10:14:32 PM" sharingsheet="false" memo="" /><Bag id="11" studentid="4" out="9/14/2014 10:14:35 PM" sharingsheet="false" memo="" /><Bag id="19" studentid="6" out="9/14/2014 10:14:40 PM" sharingsheet="false" memo="" /><Bag id="19" studentid="6" in="9/14/2014 10:14:43 PM" sharingsheet="false" memo="" /><Bag id="11" studentid="4" in="9/14/2014 10:14:46 PM" sharingsheet="true" memo="" /><Bag id="4" studentid="8" in="9/14/2014 10:14:51 PM" sharingsheet="true" memo="" /><Bag id="2" studentid="3" in="9/14/2014 10:15:21 PM" sharingsheet="false" memo="no s" /><Bag id="7" studentid="10" out="9/14/2014 10:15:44 PM" sharingsheet="false" memo="" /><Bag id="7" studentid="10" in="9/14/2014 10:15:47 PM" sharingsheet="false" memo="" /><Bag id="2" studentid="10" out="9/14/2014 10:15:49 PM" sharingsheet="false" memo="" /><Bag id="2" studentid="10" in="9/14/2014 10:15:54 PM" sharingsheet="true" memo="" /><Bag id="2" studentid="12" out="9/14/2014 10:16:16 PM" sharingsheet="false" memo="" /><Bag id="2" studentid="12" in="9/14/2014 10:16:19 PM" sharingsheet="false" memo="" /><Bag id="1" studentid="7" out="9/14/2014 10:24:02 PM" sharingsheet="false" memo="" /><Bag id="1" studentid="7" in="9/14/2014 10:24:05 PM" sharingsheet="false" memo="" /><Bag id="8" studentid="5" out="9/14/2014 10:36:04 PM" sharingsheet="false" memo="" /><Bag id="8" studentid="5" in="9/14/2014 10:36:19 PM" sharingsheet="true" memo="Number 8 had a sharing sheet but also a memo in it." /></History>
</Class>
